{"return_mean": 673.2707876795741, "return_std": 7.946669921404462, "length_mean": 1000.0, "length_std": 0.0}