{"return_mean": 673.2641104311786, "return_std": 7.364946693304321, "length_mean": 1000.0, "length_std": 0.0}