{"return_mean": 976.59882832469, "return_std": 12.608997405902809, "length_mean": 1000.0, "length_std": 0.0}