{"return_mean": 976.7387690960587, "return_std": 12.511131665376979, "length_mean": 1000.0, "length_std": 0.0}