{"return_mean": 988.2237834366288, "return_std": 13.944731410211123, "length_mean": 1000.0, "length_std": 0.0}