{"return_mean": 989.0440187493529, "return_std": 13.360795639273249, "length_mean": 1000.0, "length_std": 0.0}